{"cameraMode":{"drawMode":0,"name":"Shaded","section":"Shading Mode"},"sceneLighting":false,"audioPlay":false,"sceneViewState":{"showFog":false,"showMaterialUpdate":false,"showSkybox":false,"showFlares":false,"showImageEffects":false,"showParticleSystems":true},"in2DMode":false,"pivot":{"x":-0.1294904351234436,"y":0.7699007987976074,"z":0.16541361808776856},"rotation":{"x":-0.008286549709737301,"y":0.9720551371574402,"z":-0.23202365636825562,"w":-0.03471627086400986},"size":2.6536991596221926,"orthographic":false}